[
  {
    "id": 1753618499863,
    "from": "ouder1",
    "fromFamily": "famA",
    "toFamily": "famB",
    "message": "hi",
    "timestamp": "2025-07-27T12:14:59.863Z"
  },
  {
    "id": 1753619700196,
    "from": "ouder1",
    "to": null,
    "familyId": "famA",
    "message": "hi",
    "timestamp": "2025-07-27T12:35:00.196Z"
  },
  {
    "id": 1753619720874,
    "from": "ouder1",
    "to": null,
    "familyId": "famA",
    "message": "hoe gaat het allemaal?",
    "timestamp": "2025-07-27T12:35:20.874Z"
  },
  {
    "id": 1753619760899,
    "from": "kind1",
    "to": "ouder2",
    "familyId": "famA",
    "message": "mag ik snoep eten?",
    "timestamp": "2025-07-27T12:36:00.899Z"
  },
  {
    "id": 1753619821972,
    "from": "ouder2",
    "fromFamily": "famA",
    "toFamily": "famB",
    "message": "komen jullie naar onze barbeque feestje?",
    "timestamp": "2025-07-27T12:37:01.972Z"
  },
  {
    "id": 1753619883411,
    "from": "kind3",
    "to": null,
    "familyId": "famB",
    "message": "hallo",
    "timestamp": "2025-07-27T12:38:03.411Z"
  },
  {
    "id": 1753630098224,
    "from": "ouder1",
    "to": "kind1",
    "familyId": "famA",
    "message": "Doe je taken",
    "timestamp": "2025-07-27T15:28:18.224Z"
  },
  {
    "id": 1753630120928,
    "from": "ouder1",
    "to": "kind2",
    "familyId": "famA",
    "message": "Ruim je kamer op",
    "timestamp": "2025-07-27T15:28:40.928Z"
  },
  {
    "id": 1753630254245,
    "from": "kind1",
    "to": "ouder1",
    "familyId": "famA",
    "message": "Ik heb prijs geklikt. ik wil naar strand gaan",
    "timestamp": "2025-07-27T15:30:54.245Z"
  },
  {
    "id": 1753630780829,
    "from": "ouder1",
    "fromFamily": "famA",
    "toFamily": "famB",
    "message": "Hallo",
    "timestamp": "2025-07-27T15:39:40.829Z"
  },
  {
    "id": 1753799873504,
    "from": "ouder1",
    "fromFamily": "famA",
    "toFamily": "famB",
    "message": "Hallo",
    "timestamp": "2025-07-29T14:37:53.504Z"
  },
  {
    "id": 1753800070923,
    "from": "ouder3",
    "fromFamily": "famB",
    "toFamily": "famA",
    "message": "Hallo iedereen. Ik ben piet",
    "timestamp": "2025-07-29T14:41:10.923Z"
  },
  {
    "id": 1753824266163,
    "from": "ouder2",
    "to": "kind1",
    "familyId": "famA",
    "message": "Hallo jongeman",
    "timestamp": "2025-07-29T21:24:26.163Z"
  },
  {
    "id": 1753980308457,
    "from": "ouder1",
    "to": "ouder2",
    "familyId": "famA",
    "message": "Hoe gaat het met jouw",
    "timestamp": "2025-07-31T16:45:08.457Z"
  },
  {
    "id": 1753980357921,
    "from": "ouder2",
    "to": "ouder1",
    "familyId": "famA",
    "message": "Gaat goed :)",
    "timestamp": "2025-07-31T16:45:57.921Z"
  },
  {
    "id": 1753980420022,
    "from": "ouder1",
    "to": "kind1",
    "familyId": "famA",
    "message": "Ben je wakker?",
    "timestamp": "2025-07-31T16:47:00.022Z"
  },
  {
    "id": 1753980442450,
    "from": "ouder1",
    "to": "kind2",
    "familyId": "famA",
    "message": "Gaat het goed op school?",
    "timestamp": "2025-07-31T16:47:22.450Z"
  },
  {
    "id": 1753980577462,
    "from": "ouder2",
    "to": "kind1",
    "familyId": "famA",
    "message": "Ik hoop dat jouw cijfer voor rekenen goed is",
    "timestamp": "2025-07-31T16:49:37.462Z"
  },
  {
    "id": 1753980609946,
    "from": "ouder2",
    "to": "kind2",
    "familyId": "famA",
    "message": "Vergeet niet om jouw kamer op te ruimen",
    "timestamp": "2025-07-31T16:50:09.946Z"
  },
  {
    "id": 1753986316607,
    "from": "ouder1",
    "to": null,
    "familyId": "famA",
    "message": "Hebben jullie mijn telefoon gezien, ik heb het verloren",
    "timestamp": "2025-07-31T18:25:16.607Z"
  },
  {
    "id": 1753986486799,
    "from": "ouder2",
    "to": null,
    "familyId": "famA",
    "message": "nee, ik heb het niet gezien. Ik was bezig met tv kijken",
    "timestamp": "2025-07-31T18:28:06.799Z"
  },
  {
    "id": 1753986692499,
    "from": "ouder3",
    "to": "kind3",
    "familyId": "famB",
    "message": "Hoe gaat het",
    "timestamp": "2025-07-31T18:31:32.499Z"
  },
  {
    "id": 1753986957899,
    "from": "ouder3",
    "to": null,
    "familyId": "famB",
    "message": "Wil jij pizza vanavond?",
    "timestamp": "2025-07-31T18:35:57.899Z"
  },
  {
    "id": 1753987184737,
    "from": "ouder1",
    "fromFamily": "famA",
    "toFamily": "famB",
    "message": "Hallo. Hoe gaat het met u?",
    "timestamp": "2025-07-31T18:39:44.737Z"
  },
  {
    "id": 1753987435538,
    "from": "ouder2",
    "fromFamily": "famA",
    "toFamily": "famB",
    "message": "Wilt u graag bij ons langskomen voor koffie?",
    "timestamp": "2025-07-31T18:43:55.538Z"
  },
  {
    "id": 1753987527908,
    "from": "ouder3",
    "fromFamily": "famB",
    "toFamily": "famA",
    "message": "Hallo. Het gaat goed met mij. En ja, ik zou graag koffie willen drinken bij jullie :)",
    "timestamp": "2025-07-31T18:45:27.908Z"
  },
  {
    "id": 1753993132217,
    "from": "ouder1",
    "to": null,
    "familyId": "famA",
    "message": "Gaat het allemaal",
    "timestamp": "2025-07-31T20:18:52.217Z"
  },
  {
    "id": 1753993143595,
    "from": "ouder1",
    "fromFamily": "famA",
    "toFamily": "famB",
    "message": "Kom graag langs",
    "timestamp": "2025-07-31T20:19:03.595Z"
  },
  {
    "id": 1753995523211,
    "from": "ouder1",
    "to": null,
    "familyId": "famA",
    "message": "hallo",
    "timestamp": "2025-07-31T20:58:43.211Z"
  },
  {
    "id": 1753995531124,
    "from": "ouder1",
    "to": "kind1",
    "familyId": "famA",
    "message": "hi",
    "timestamp": "2025-07-31T20:58:51.124Z"
  },
  {
    "id": 1753995541474,
    "from": "ouder1",
    "to": "ouder2",
    "familyId": "famA",
    "message": "hallo",
    "timestamp": "2025-07-31T20:59:01.474Z"
  },
  {
    "id": 1753995550440,
    "from": "ouder1",
    "to": "kind2",
    "familyId": "famA",
    "message": "hi",
    "timestamp": "2025-07-31T20:59:10.440Z"
  },
  {
    "id": 1753995558294,
    "from": "ouder1",
    "fromFamily": "famA",
    "toFamily": "famB",
    "message": "hallo",
    "timestamp": "2025-07-31T20:59:18.294Z"
  },
  {
    "id": 1753995653548,
    "from": "ouder2",
    "to": null,
    "familyId": "famA",
    "message": "hi",
    "timestamp": "2025-07-31T21:00:53.548Z"
  },
  {
    "id": 1753995661134,
    "from": "ouder2",
    "to": "ouder1",
    "familyId": "famA",
    "message": "hallo",
    "timestamp": "2025-07-31T21:01:01.134Z"
  },
  {
    "id": 1753995667772,
    "from": "ouder2",
    "to": "kind1",
    "familyId": "famA",
    "message": "hi",
    "timestamp": "2025-07-31T21:01:07.772Z"
  },
  {
    "id": 1753995675386,
    "from": "ouder2",
    "to": "kind2",
    "familyId": "famA",
    "message": "hallo",
    "timestamp": "2025-07-31T21:01:15.386Z"
  },
  {
    "id": 1753995680806,
    "from": "ouder2",
    "fromFamily": "famA",
    "toFamily": "famB",
    "message": "hoi",
    "timestamp": "2025-07-31T21:01:20.806Z"
  },
  {
    "id": 1753995757367,
    "from": "ouder3",
    "to": null,
    "familyId": "famB",
    "message": "hoi",
    "timestamp": "2025-07-31T21:02:37.367Z"
  },
  {
    "id": 1753995763351,
    "from": "ouder3",
    "to": "kind3",
    "familyId": "famB",
    "message": "hallo",
    "timestamp": "2025-07-31T21:02:43.351Z"
  },
  {
    "id": 1753995768837,
    "from": "ouder3",
    "fromFamily": "famB",
    "toFamily": "famA",
    "message": "hoi",
    "timestamp": "2025-07-31T21:02:48.837Z"
  },
  {
    "id": 1753995848714,
    "from": "kind1",
    "to": null,
    "familyId": "famA",
    "message": "hallo iedereen",
    "timestamp": "2025-07-31T21:04:08.714Z"
  },
  {
    "id": 1753995854895,
    "from": "kind1",
    "to": "ouder1",
    "familyId": "famA",
    "message": "hoi",
    "timestamp": "2025-07-31T21:04:14.895Z"
  },
  {
    "id": 1753995867163,
    "from": "kind1",
    "to": "ouder2",
    "familyId": "famA",
    "message": "hoi",
    "timestamp": "2025-07-31T21:04:27.163Z"
  },
  {
    "id": 1753995876611,
    "from": "kind1",
    "to": "kind2",
    "familyId": "famA",
    "message": "hi",
    "timestamp": "2025-07-31T21:04:36.611Z"
  }
]