[
  {
    "id": 1753821254854,
    "title": "Tandenpoetsenn",
    "points": 1000,
    "assignedTo": "kind2",
    "type": "tijdelijk",
    "date": "2025-07-30",
    "done": false,
    "approved": false
  },
  {
    "id": 1753821423563,
    "title": "Hond uitlaten",
    "points": 1000,
    "assignedTo": "kind1",
    "type": "standaard",
    "date": null,
    "done": true,
    "approved": true
  },
  {
    "id": 1753821546013,
    "title": "Dozen optillen en brengen naar buitennn",
    "points": 1000,
    "assignedTo": "kind3",
    "type": "standaard",
    "date": null,
    "done": true,
    "approved": true
  },
  {
    "id": 1753824040960,
    "title": "Huiswerk maken",
    "points": 10000,
    "assignedTo": "kind2",
    "type": "tijdelijk",
    "date": "2025-07-31",
    "done": false,
    "approved": false
  },
  {
    "id": 1753996019291,
    "title": "Kamer opruimen",
    "points": 10,
    "assignedTo": "kind3",
    "type": "standaard",
    "date": null,
    "done": true,
    "approved": true
  },
  {
    "id": 1753999764152,
    "title": "Kamer opruimen",
    "points": 100,
    "assignedTo": "kind1",
    "type": "standaard",
    "date": null,
    "done": true,
    "approved": false
  }
]